VehicleID,LogID,EntryPoint,ExitPoint,EntryTime,ExitTime,VehicleType,SpeedKMH,TollPaid,TripDurationMinutes,IsOverspeed,SpeedRank,LastExitTime,IdleTimeMinutes,OwnerName,Model,RegisteredCity,TripCategory,TripsPerDay,IsFrequent
V001,L001,GateA,GateC,2024-05-01T08:01:00.000Z,2024-05-01T08:20:00.000Z,Car,60.0,50.0,19.0,false,2,,,Anil,Hyundai i20,Delhi,Medium,1,false
V002,L002,GateB,GateC,2024-05-01T08:10:00.000Z,2024-05-01T08:45:00.000Z,Truck,45.0,100.0,35.0,false,1,,,Rakesh,Tata Truck,Chennai,Long,1,false
V003,L003,GateA,GateD,2024-05-01T09:00:00.000Z,2024-05-01T09:18:00.000Z,Bike,55.0,30.0,18.0,false,1,,,Sana,Yamaha R15,Mumbai,Medium,1,false
V004,L004,GateC,GateD,2024-05-01T09:15:00.000Z,2024-05-01T09:35:00.000Z,Car,80.0,50.0,20.0,true,1,,,Neha,Honda City,Bangalore,Medium,1,false
V005,L005,GateB,GateA,2024-05-01T10:05:00.000Z,2024-05-01T10:40:00.000Z,Bus,40.0,70.0,35.0,false,1,,,Zoya,Volvo Bus,Pune,Long,1,false
