{"commitInfo":{"timestamp":1750314329382,"userId":"4833629471493945","userName":"azuser3545_mml.local@techademy.com","operation":"WRITE","operationParameters":{"mode":"Overwrite","statsOnLoad":false,"partitionBy":"[]"},"notebook":{"notebookId":"1093877947262588"},"clusterId":"0611-043339-3vb7b9iv","isolationLevel":"WriteSerializable","isBlindAppend":false,"operationMetrics":{"numFiles":"1","numOutputRows":"5","numOutputBytes":"2763"},"tags":{"noRowsCopied":"true","restoresDeletedRows":"false"},"engineInfo":"Databricks-Runtime/15.4.x-photon-scala2.12","txnId":"6673f354-a45e-4a92-af58-7caf1008efcc"}}
{"metaData":{"id":"a308710b-aff9-4146-90f8-8587c0f164de","format":{"provider":"parquet","options":{}},"schemaString":"{\"type\":\"struct\",\"fields\":[{\"name\":\"ItemName\",\"type\":\"string\",\"nullable\":true,\"metadata\":{}},{\"name\":\"Category\",\"type\":\"string\",\"nullable\":true,\"metadata\":{}},{\"name\":\"StockQty\",\"type\":\"integer\",\"nullable\":true,\"metadata\":{}},{\"name\":\"ReorderLevel\",\"type\":\"integer\",\"nullable\":true,\"metadata\":{}},{\"name\":\"TotalStockValue\",\"type\":\"integer\",\"nullable\":true,\"metadata\":{}},{\"name\":\"LastRestocked\",\"type\":\"date\",\"nullable\":true,\"metadata\":{\"__detected_date_formats\":\"yyyy-M-d\"}},{\"name\":\"NeedsReorder\",\"type\":\"boolean\",\"nullable\":true,\"metadata\":{}},{\"name\":\"RestockMonth\",\"type\":\"integer\",\"nullable\":true,\"metadata\":{}},{\"name\":\"StockAge\",\"type\":\"integer\",\"nullable\":true,\"metadata\":{}},{\"name\":\"StockAgeBucket\",\"type\":\"string\",\"nullable\":true,\"metadata\":{}}]}","partitionColumns":[],"configuration":{"delta.enableDeletionVectors":"true"},"createdTime":1750314328456}}
{"protocol":{"minReaderVersion":3,"minWriterVersion":7,"readerFeatures":["deletionVectors"],"writerFeatures":["deletionVectors"]}}
{"add":{"path":"part-00000-cdd2a339-8635-4562-a8d6-37e4c171eb8e.c000.snappy.parquet","partitionValues":{},"size":2763,"modificationTime":1750314329141,"dataChange":true,"stats":"{\"numRecords\":5,\"minValues\":{\"ItemName\":\"LED TV\",\"Category\":\"Appliances\",\"StockQty\":8,\"ReorderLevel\":5,\"TotalStockValue\":24000,\"LastRestocked\":\"2024-02-20\",\"RestockMonth\":2,\"StockAge\":444,\"StockAgeBucket\":\"Stale\"},\"maxValues\":{\"ItemName\":\"Refrigerator\",\"Category\":\"Furniture\",\"StockQty\":70,\"ReorderLevel\":20,\"TotalStockValue\":1500000,\"LastRestocked\":\"2024-04-01\",\"RestockMonth\":4,\"StockAge\":485,\"StockAgeBucket\":\"Stale\"},\"nullCount\":{\"ItemName\":0,\"Category\":0,\"StockQty\":2,\"ReorderLevel\":0,\"TotalStockValue\":0,\"LastRestocked\":0,\"NeedsReorder\":2,\"RestockMonth\":0,\"StockAge\":0,\"StockAgeBucket\":0},\"tightBounds\":true}","tags":{"INSERTION_TIME":"1750314329141000","MIN_INSERTION_TIME":"1750314329141000","MAX_INSERTION_TIME":"1750314329141000","OPTIMIZE_TARGET_SIZE":"268435456"}}}
